Handle,Title,Body (HTML),Vendor,Type,Tags,Published,Option1 Name,Option1 Value,Variant SKU,Variant Inventory Policy,Variant Fulfillment Service,Variant Price,Variant Requires Shipping,Variant Taxable,Image Src,Image Alt Text,Status
hinoki-low-sofa,Hinoki Low Sofa,<p>A low hinoki frame with calm linen cushions and soft edges.</p><p>W 210 × D 92 × H 72 cm</p>,OpenRoom,Sofa,"Sofa, Hinoki and linen, Natural cream, Japandi, Light wood, Low profile",TRUE,Title,Default Title,hinoki-low-sofa,continue,manual,1899.00,TRUE,TRUE,https://openroom-webmcp.pages.dev/demo/photo/products/hinoki-low-sofa.webp,Hinoki Low Sofa,active
boucle-curve-sofa,Boucle Curve Sofa,<p>A softly curved sofa upholstered in tactile ivory boucle.</p><p>W 224 × D 98 × H 78 cm</p>,OpenRoom,Sofa,"Sofa, Boucle, Ivory, Modern organic, Sculptural",TRUE,Title,Default Title,boucle-curve-sofa,continue,manual,2299.00,TRUE,TRUE,https://openroom-webmcp.pages.dev/demo/photo/products/boucle-curve-sofa.webp,Boucle Curve Sofa,active
walnut-frame-sofa,Walnut Frame Sofa,<p>Tailored cushions sit within an exposed walnut frame.</p><p>W 205 × D 88 × H 80 cm</p>,OpenRoom,Sofa,"Sofa, Walnut and wool, Oatmeal, Mid century, Walnut, Tailored",TRUE,Title,Default Title,walnut-frame-sofa,continue,manual,2099.00,TRUE,TRUE,https://openroom-webmcp.pages.dev/demo/photo/products/walnut-frame-sofa.webp,Walnut Frame Sofa,active
oat-linen-slipcover-sofa,Oat Linen Slipcover Sofa,"<p>Washed linen slipcovers fall loosely over a deep, feather-topped seat.</p><p>W 198 × D 94 × H 76 cm</p>",OpenRoom,Sofa,"Sofa, Linen and poplar, Oat, Modern organic, Linen, Slipcovered",TRUE,Title,Default Title,oat-linen-slipcover-sofa,continue,manual,1749.00,TRUE,TRUE,https://openroom-webmcp.pages.dev/demo/photo/products/oat-linen-slipcover-sofa.webp,Oat Linen Slipcover Sofa,active
cane-back-teak-sofa,Cane Back Teak Sofa,<p>A woven cane back lightens a slim teak frame on tapered legs.</p><p>W 192 × D 86 × H 78 cm</p>,OpenRoom,Sofa,"Sofa, Teak and cane, Clay, Mid century, Teak, Cane",TRUE,Title,Default Title,cane-back-teak-sofa,continue,manual,1999.00,TRUE,TRUE,https://openroom-webmcp.pages.dev/demo/photo/products/cane-back-teak-sofa.webp,Cane Back Teak Sofa,active
oak-frame-table,Oak Frame Table,<p>A low oak table with a softened architectural frame.</p><p>W 105 × D 55 × H 40 cm</p>,OpenRoom,Coffee table,"Coffee table, Oak, Light oak, Japandi",TRUE,Title,Default Title,oak-frame-table,continue,manual,169.00,TRUE,TRUE,https://openroom-webmcp.pages.dev/demo/photo/products/oak-frame-table.webp,Oak Frame Table,active
travertine-plinth-table,Travertine Plinth Table,<p>A quiet stone-led alternative for the centre of the room.</p><p>W 110 × D 60 × H 38 cm</p>,OpenRoom,Coffee table,"Coffee table, Travertine, Ivory, Modern organic, Warm minimal, Stone",TRUE,Title,Default Title,travertine-plinth-table,continue,manual,249.00,TRUE,TRUE,https://openroom-webmcp.pages.dev/demo/photo/products/travertine-plinth-table.webp,Travertine Plinth Table,active
walnut-nesting-table,Walnut Nesting Table,"<p>Two compact surfaces in a rich, warm timber finish.</p><p>W 95 × D 55 × H 42 cm</p>",OpenRoom,Coffee table,"Coffee table, Walnut, Mid century, Warm walnut",TRUE,Title,Default Title,walnut-nesting-table,continue,manual,219.00,TRUE,TRUE,https://openroom-webmcp.pages.dev/demo/photo/products/walnut-nesting-table.webp,Walnut Nesting Table,active
ash-plinth-table,Ash Plinth Table,"<p>A pale ash slab rests on two chamfered plinths, low and quiet.</p><p>W 100 × D 58 × H 36 cm</p>",OpenRoom,Coffee table,"Coffee table, Ash, Pale ash, Japandi, Plinth",TRUE,Title,Default Title,ash-plinth-table,continue,manual,189.00,TRUE,TRUE,https://openroom-webmcp.pages.dev/demo/photo/products/ash-plinth-table.webp,Ash Plinth Table,active
teak-oval-table,Teak Oval Table,<p>An oval teak top eases the walk around a tight seating group.</p><p>W 118 × D 64 × H 38 cm</p>,OpenRoom,Coffee table,"Coffee table, Teak, Mid century, Oval",TRUE,Title,Default Title,teak-oval-table,continue,manual,239.00,TRUE,TRUE,https://openroom-webmcp.pages.dev/demo/photo/products/teak-oval-table.webp,Teak Oval Table,active
woven-jute-rug,Woven Jute Rug,<p>A warm handwoven jute rug with a simple bound edge.</p><p>W 240 × D 170 × H 1.2 cm</p>,OpenRoom,Rug,"Rug, Jute, Natural tan, Japandi, Natural fiber, Handwoven",TRUE,Title,Default Title,woven-jute-rug,continue,manual,349.00,TRUE,TRUE,https://openroom-webmcp.pages.dev/demo/photo/products/woven-jute-rug.webp,Woven Jute Rug,active
wool-pebble-rug,Wool Pebble Rug,<p>A plush wool rug shaped with a softly irregular pebble edge.</p><p>W 230 × D 180 × H 2 cm</p>,OpenRoom,Rug,"Rug, Wool, Warm ivory, Modern organic, Irregular, Plush",TRUE,Title,Default Title,wool-pebble-rug,continue,manual,529.00,TRUE,TRUE,https://openroom-webmcp.pages.dev/demo/photo/products/wool-pebble-rug.webp,Wool Pebble Rug,active
geometric-flatweave-rug,Geometric Flatweave Rug,<p>Angular rust and mustard forms animate a slim flatweave rug.</p><p>W 240 × D 170 × H 1 cm</p>,OpenRoom,Rug,"Rug, Wool and cotton, Rust multicolor, Mid century, Geometric, Flatweave",TRUE,Title,Default Title,geometric-flatweave-rug,continue,manual,429.00,TRUE,TRUE,https://openroom-webmcp.pages.dev/demo/photo/products/geometric-flatweave-rug.webp,Geometric Flatweave Rug,active
undyed-wool-shag-rug,Undyed Wool Shag Rug,<p>A deep undyed pile that softens footfall and warms a bare floor.</p><p>W 250 × D 180 × H 2.5 cm</p>,OpenRoom,Rug,"Rug, Wool, Chalk, Modern organic, Undyed, High pile",TRUE,Title,Default Title,undyed-wool-shag-rug,continue,manual,589.00,TRUE,TRUE,https://openroom-webmcp.pages.dev/demo/photo/products/undyed-wool-shag-rug.webp,Undyed Wool Shag Rug,active
charcoal-border-rug,Charcoal Border Rug,<p>A narrow charcoal border frames a hand-loomed field of soft grey.</p><p>W 240 × D 170 × H 1.4 cm</p>,OpenRoom,Rug,"Rug, Wool and linen, Soft grey, Japandi, Hand loomed, Bordered",TRUE,Title,Default Title,charcoal-border-rug,continue,manual,469.00,TRUE,TRUE,https://openroom-webmcp.pages.dev/demo/photo/products/charcoal-border-rug.webp,Charcoal Border Rug,active
rice-paper-floor-lamp,Rice Paper Floor Lamp,<p>A tall paper lantern casts a gentle glow from an ash frame.</p><p>W 36 × D 36 × H 158 cm</p>,OpenRoom,Floor lamp,"Floor lamp, Rice paper and ash, Natural white, Japandi, Paper, Soft light",TRUE,Title,Default Title,rice-paper-floor-lamp,continue,manual,289.00,TRUE,TRUE,https://openroom-webmcp.pages.dev/demo/photo/products/rice-paper-floor-lamp.webp,Rice Paper Floor Lamp,active
linen-dome-lamp,Linen Dome Lamp,<p>A broad linen dome balances a softly sculpted plaster stem.</p><p>W 58 × D 58 × H 154 cm</p>,OpenRoom,Floor lamp,"Floor lamp, Linen and plaster, Warm ivory, Modern organic, Linen, Sculptural",TRUE,Title,Default Title,linen-dome-lamp,continue,manual,349.00,TRUE,TRUE,https://openroom-webmcp.pages.dev/demo/photo/products/linen-dome-lamp.webp,Linen Dome Lamp,active
brass-globe-lamp,Brass Globe Lamp,<p>An opal globe tops a precise aged-brass stem and base.</p><p>W 34 × D 34 × H 162 cm</p>,OpenRoom,Floor lamp,"Floor lamp, Brass and glass, Aged brass, Mid century, Brass, Opal glass",TRUE,Title,Default Title,brass-globe-lamp,continue,manual,319.00,TRUE,TRUE,https://openroom-webmcp.pages.dev/demo/photo/products/brass-globe-lamp.webp,Brass Globe Lamp,active
oak-tripod-lamp,Oak Tripod Lamp,<p>Three splayed oak legs carry a narrow linen shade at reading height.</p><p>W 46 × D 46 × H 150 cm</p>,OpenRoom,Floor lamp,"Floor lamp, Oak and linen, Light oak, Japandi, Tripod",TRUE,Title,Default Title,oak-tripod-lamp,continue,manual,269.00,TRUE,TRUE,https://openroom-webmcp.pages.dev/demo/photo/products/oak-tripod-lamp.webp,Oak Tripod Lamp,active
ceramic-column-lamp,Ceramic Column Lamp,<p>A hand-thrown ceramic column grounds a wide cotton drum shade.</p><p>W 40 × D 40 × H 158 cm</p>,OpenRoom,Floor lamp,"Floor lamp, Ceramic and cotton, Chalk, Modern organic, Ceramic, Matte glaze",TRUE,Title,Default Title,ceramic-column-lamp,continue,manual,329.00,TRUE,TRUE,https://openroom-webmcp.pages.dev/demo/photo/products/ceramic-column-lamp.webp,Ceramic Column Lamp,active
linen-drum-table-lamp,Linen Drum Table Lamp,"<p>A short oak stem under a straight linen drum, sized for a table.</p><p>W 28 × D 28 × H 46 cm</p>",OpenRoom,Floor lamp,"Floor lamp, Linen and oak, Natural flax, Japandi, Linen, Table height",TRUE,Title,Default Title,linen-drum-table-lamp,continue,manual,89.00,TRUE,TRUE,https://openroom-webmcp.pages.dev/demo/photo/products/linen-drum-table-lamp.webp,Linen Drum Table Lamp,active
ceramic-gourd-table-lamp,Ceramic Gourd Table Lamp,<p>A rounded ceramic gourd base carries a soft cotton shade.</p><p>W 34 × D 34 × H 54 cm</p>,OpenRoom,Floor lamp,"Floor lamp, Ceramic and cotton, Chalk white, Modern organic, Ceramic, Table height",TRUE,Title,Default Title,ceramic-gourd-table-lamp,continue,manual,149.00,TRUE,TRUE,https://openroom-webmcp.pages.dev/demo/photo/products/ceramic-gourd-table-lamp.webp,Ceramic Gourd Table Lamp,active
brass-stem-table-lamp,Brass Stem Table Lamp,<p>A slim aged-brass stem lifts an opal shade to reading height.</p><p>W 30 × D 30 × H 58 cm</p>,OpenRoom,Floor lamp,"Floor lamp, Brass and opal glass, Aged brass, Mid century, Brass, Table height",TRUE,Title,Default Title,brass-stem-table-lamp,continue,manual,189.00,TRUE,TRUE,https://openroom-webmcp.pages.dev/demo/photo/products/brass-stem-table-lamp.webp,Brass Stem Table Lamp,active
ash-lounge-chair,Ash Lounge Chair,<p>Sculpted ash arms frame a restrained woven lounge cushion.</p><p>W 74 × D 82 × H 76 cm</p>,OpenRoom,Chair,"Chair, Ash and wool, Oatmeal, Japandi, Ash, Woven",TRUE,Title,Default Title,ash-lounge-chair,continue,manual,799.00,TRUE,TRUE,https://openroom-webmcp.pages.dev/demo/photo/products/ash-lounge-chair.webp,Ash Lounge Chair,active
boucle-barrel-chair,Boucle Barrel Chair,"<p>A compact barrel chair with a rounded, tactile boucle shell.</p><p>W 82 × D 80 × H 75 cm</p>",OpenRoom,Chair,"Chair, Boucle, Ivory, Modern organic, Rounded",TRUE,Title,Default Title,boucle-barrel-chair,continue,manual,899.00,TRUE,TRUE,https://openroom-webmcp.pages.dev/demo/photo/products/boucle-barrel-chair.webp,Boucle Barrel Chair,active
cognac-sling-chair,Cognac Sling Chair,<p>Cognac leather is suspended across an angular walnut frame.</p><p>W 72 × D 80 × H 78 cm</p>,OpenRoom,Chair,"Chair, Leather and walnut, Cognac, Mid century, Leather, Walnut",TRUE,Title,Default Title,cognac-sling-chair,continue,manual,949.00,TRUE,TRUE,https://openroom-webmcp.pages.dev/demo/photo/products/cognac-sling-chair.webp,Cognac Sling Chair,active
oak-paper-cord-chair,Oak Paper Cord Chair,"<p>Hand-wound paper cord seats a slender, almost weightless oak frame.</p><p>W 62 × D 60 × H 74 cm</p>",OpenRoom,Chair,"Chair, Oak and paper cord, Natural cream, Japandi, Paper cord, Oak",TRUE,Title,Default Title,oak-paper-cord-chair,continue,manual,649.00,TRUE,TRUE,https://openroom-webmcp.pages.dev/demo/photo/products/oak-paper-cord-chair.webp,Oak Paper Cord Chair,active
shearling-swivel-chair,Shearling Swivel Chair,"<p>A softly padded shearling shell turns on a low, brushed steel base.</p><p>W 86 × D 84 × H 78 cm</p>",OpenRoom,Chair,"Chair, Shearling and steel, Bone, Modern organic, Shearling, Swivel",TRUE,Title,Default Title,shearling-swivel-chair,continue,manual,999.00,TRUE,TRUE,https://openroom-webmcp.pages.dev/demo/photo/products/shearling-swivel-chair.webp,Shearling Swivel Chair,active
ceramic-olive-tree,Ceramic Olive Tree,<p>A graceful olive tree planted in an off-white ceramic vessel.</p><p>W 88 × D 82 × H 170 cm</p>,OpenRoom,Plant,"Plant, Live plant and ceramic, Silvery green, Japandi, Olive, Ceramic",TRUE,Title,Default Title,ceramic-olive-tree,continue,manual,189.00,TRUE,TRUE,https://openroom-webmcp.pages.dev/demo/photo/products/ceramic-olive-tree.webp,Ceramic Olive Tree,active
stone-planter-ficus,Stone Planter Ficus,<p>A lush ficus rises from a tactile pale stone planter.</p><p>W 100 × D 90 × H 180 cm</p>,OpenRoom,Plant,"Plant, Live plant and stone, Leaf green, Modern organic, Ficus, Stone",TRUE,Title,Default Title,stone-planter-ficus,continue,manual,229.00,TRUE,TRUE,https://openroom-webmcp.pages.dev/demo/photo/products/stone-planter-ficus.webp,Stone Planter Ficus,active
teak-planter-palm,Teak Planter Palm,<p>Arching palm fronds stand in a raised slatted teak planter.</p><p>W 110 × D 100 × H 185 cm</p>,OpenRoom,Plant,"Plant, Live plant and teak, Leaf green, Mid century, Palm, Teak",TRUE,Title,Default Title,teak-planter-palm,continue,manual,209.00,TRUE,TRUE,https://openroom-webmcp.pages.dev/demo/photo/products/teak-planter-palm.webp,Teak Planter Palm,active
stoneware-snake-plant,Stoneware Snake Plant,<p>Upright sansevieria blades stand in a matte stoneware cylinder.</p><p>W 46 × D 46 × H 110 cm</p>,OpenRoom,Plant,"Plant, Live plant and stoneware, Deep green, Japandi, Sansevieria, Stoneware",TRUE,Title,Default Title,stoneware-snake-plant,continue,manual,129.00,TRUE,TRUE,https://openroom-webmcp.pages.dev/demo/photo/products/stoneware-snake-plant.webp,Stoneware Snake Plant,active
rattan-basket-fern,Rattan Basket Fern,<p>A full nest fern spills over the rim of a hand-woven rattan basket.</p><p>W 70 × D 68 × H 95 cm</p>,OpenRoom,Plant,"Plant, Live plant and rattan, Leaf green, Modern organic, Fern, Rattan",TRUE,Title,Default Title,rattan-basket-fern,continue,manual,149.00,TRUE,TRUE,https://openroom-webmcp.pages.dev/demo/photo/products/rattan-basket-fern.webp,Rattan Basket Fern,active
oak-drum-side-table,Oak Drum Side Table,"<p>A solid oak drum with a softened top edge, sized for a sofa arm.</p><p>W 45 × D 45 × H 55 cm</p>",OpenRoom,Side table,"Side table, Oak, Light oak, Japandi, Drum",TRUE,Title,Default Title,oak-drum-side-table,continue,manual,279.00,TRUE,TRUE,https://openroom-webmcp.pages.dev/demo/photo/products/oak-drum-side-table.webp,Oak Drum Side Table,active
travertine-cube-side-table,Travertine Cube Side Table,<p>A quarried travertine cube that serves as a table or an extra seat.</p><p>W 40 × D 40 × H 45 cm</p>,OpenRoom,Side table,"Side table, Travertine, Ivory, Modern organic, Stone, Cube",TRUE,Title,Default Title,travertine-cube-side-table,continue,manual,399.00,TRUE,TRUE,https://openroom-webmcp.pages.dev/demo/photo/products/travertine-cube-side-table.webp,Travertine Cube Side Table,active
black-steel-tray-table,Black Steel Tray Table,"<p>A lift-off tray in a slim blackened frame, light enough to move often.</p><p>W 42 × D 42 × H 56 cm</p>",OpenRoom,Side table,"Side table, Steel, Black, Mid century, Blackened steel, Tray",TRUE,Title,Default Title,black-steel-tray-table,continue,manual,219.00,TRUE,TRUE,https://openroom-webmcp.pages.dev/demo/photo/products/black-steel-tray-table.webp,Black Steel Tray Table,active
walnut-pedestal-side-table,Walnut Pedestal Side Table,<p>A turned walnut pedestal lifts a small round top to armrest height.</p><p>W 38 × D 38 × H 58 cm</p>,OpenRoom,Side table,"Side table, Walnut, Mid century, Pedestal",TRUE,Title,Default Title,walnut-pedestal-side-table,continue,manual,329.00,TRUE,TRUE,https://openroom-webmcp.pages.dev/demo/photo/products/walnut-pedestal-side-table.webp,Walnut Pedestal Side Table,active
rattan-nesting-side-table,Rattan Nesting Side Table,<p>Two woven rattan tops nest together and pull apart when guests arrive.</p><p>W 50 × D 50 × H 52 cm</p>,OpenRoom,Side table,"Side table, Rattan and ash, Natural tan, Japandi, Rattan, Nesting",TRUE,Title,Default Title,rattan-nesting-side-table,continue,manual,249.00,TRUE,TRUE,https://openroom-webmcp.pages.dev/demo/photo/products/rattan-nesting-side-table.webp,Rattan Nesting Side Table,active
oak-ladder-shelf,Oak Ladder Shelf,<p>Five graduated oak shelves on a slim frame that leans to the wall.</p><p>W 60 × D 36 × H 180 cm</p>,OpenRoom,Bookshelf,"Bookshelf, Oak, Light oak, Japandi, Leaning",TRUE,Title,Default Title,oak-ladder-shelf,continue,manual,449.00,TRUE,TRUE,https://openroom-webmcp.pages.dev/demo/photo/products/oak-ladder-shelf.webp,Oak Ladder Shelf,active
walnut-low-shelf,Walnut Low Shelf,"<p>A credenza-height walnut case for books, low enough to see across.</p><p>W 120 × D 38 × H 112 cm</p>",OpenRoom,Bookshelf,"Bookshelf, Walnut, Mid century, Credenza height",TRUE,Title,Default Title,walnut-low-shelf,continue,manual,899.00,TRUE,TRUE,https://openroom-webmcp.pages.dev/demo/photo/products/walnut-low-shelf.webp,Walnut Low Shelf,active
white-oak-cube-storage,White Oak Cube Storage,"<p>Nine open cubes in pale oak, sized for records and baskets.</p><p>W 90 × D 36 × H 150 cm</p>",OpenRoom,Bookshelf,"Bookshelf, White oak, Pale oak, Modern organic, Modular",TRUE,Title,Default Title,white-oak-cube-storage,continue,manual,699.00,TRUE,TRUE,https://openroom-webmcp.pages.dev/demo/photo/products/white-oak-cube-storage.webp,White Oak Cube Storage,active
steel-and-ash-etagere,Steel and Ash Etagere,<p>Blackened steel uprights hold four floating ash shelves.</p><p>W 84 × D 34 × H 190 cm</p>,OpenRoom,Bookshelf,"Bookshelf, Steel and ash, Black, Mid century, Blackened steel, Etagere",TRUE,Title,Default Title,steel-and-ash-etagere,continue,manual,799.00,TRUE,TRUE,https://openroom-webmcp.pages.dev/demo/photo/products/steel-and-ash-etagere.webp,Steel and Ash Etagere,active
hinoki-open-bookcase,Hinoki Open Bookcase,<p>An open-backed hinoki case that reads light against a plain wall.</p><p>W 96 × D 32 × H 176 cm</p>,OpenRoom,Bookshelf,"Bookshelf, Hinoki, Natural cream, Japandi, Open back",TRUE,Title,Default Title,hinoki-open-bookcase,continue,manual,949.00,TRUE,TRUE,https://openroom-webmcp.pages.dev/demo/photo/products/hinoki-open-bookcase.webp,Hinoki Open Bookcase,active
